id;comsumption_date;qty_consumed;free_field_1;free_field_2;last_modified;last_modified_by
1;2022-03-09T19:54:43;26483;multi-tasking transform capacitor;networks;value-added Shoes Suriname;Planner
2;2022-03-10T01:05:17;85946;invoice Unbranded;interface;Dollar Product;Japan
3;2022-03-09T17:05:38;43038;Chief generate;networks;Money;Tasty Cape
4;2022-03-09T17:47:19;73662;Spurs withdrawal National;virtual Practical;incubate Intelligent;Buckinghamshire Concrete
5;2022-03-09T09:30:42;20824;Regional backing overriding;neural;Soap Steel;Gloves
6;2022-03-09T19:45:39;43366;supply-chains Savings Coordinator;Azerbaijan;Credit 1080p;Lodge
7;2022-03-09T14:27:21;81690;complexity deposit;recontextualize;payment;Cambridgeshire
8;2022-03-09T11:40:18;1359;and;Regional 9(E.U.A.-9);mobile Future;harness world-class Cambridgeshire
9;2022-03-09T11:06:45;50565;salmon Sports payment;Forward;Account;Ridges
10;2022-03-09T09:59:00;7568;Dobra Concrete;contextually-based Buckinghamshire invoice;Wooden wireless;Future whiteboard
