id;refrence_id;transaction_type;transaction_status;transaction_date;description;free_field_1;free_field_2;last_modified;last_modified_by
1;18169;TRANSFER_STOCKS;APPROVED;Account contextually-based;Senior administration Granite;Applications input;implement;1080p;Carolina system
2;93570;INWARD_STOCKS;COMPLETED;Investment programming middleware;Cambridgeshire Consultant;EXE full-range Hat;Locks revolutionize solid;cyan;seamless Garden Soft
3;5866;TRANSFER_STOCKS;CANCELED;Washington salmon;matrix;yellow cross-platform transmitting;transmitter input;Incredible;Iraq Cheese
4;73667;INWARD_STOCKS;RECEIVED;Island Ohio;Baby Visionary function;Fresh;facilitate;parse District Industrial;web-enabled deposit
5;96926;TRANSFER_STOCKS;APPROVED;Steel Director Cross-group;clicks-and-mortar;feed Generic;Generic Cambridgeshire Loan;Soft payment dynamic;encryption bandwidth mobile
6;13141;OUTWARDS_CONSUMPTION;APPROVED;Total Industrial Multi-layered;Pine payment;back-end;Account microchip innovate;eco-centric Missouri transmitting;Michigan monetize
7;46370;OUTWARDS_CONSUMPTION;CANCELED;model panel Tunisia;Automotive;deposit Rhode rich;Borders Home;Generic;quantifying
8;98784;OUTWARDS_CONSUMPTION;RECEIVED;Pound;Key program;RAM Cambridgeshire;Cotton infrastructures;Keyboard;THX Movies
9;22096;TRANSFER_STOCKS;RECEIVED;paradigms vertical;Baby Incredible system;architect Universal supply-chains;European Intelligent;connect cutting-edge Towels;TCP Antigua Accountability
10;48480;OUTWARDS_CONSUMPTION;REQUESTED;Concrete Associate;Central Croatia Dynamic;digital;Intuitive;Florida;Ergonomic
