id;project_name;start_date;end_date;department_name;budget;free_field_1;free_field_2;free_field_3;last_modified;last_modified_by
1;contextually-based Alaska Fresh;2022-03-09T19:29:58;2022-03-10T06:52:56;Architect Micronesia Health;alarm functionalities extensible;Total USB e-services;European Junctions digital;Account;invoice optical;vortals revolutionary
2;Computer Supervisor;2022-03-09T14:33:47;2022-03-09T22:05:43;Diverse;Brand copying;Corners Buckinghamshire Keyboard;Oklahoma;Tennessee Direct Radial;magenta;Assurance systemic
3;International open-source;2022-03-09T10:33:58;2022-03-10T08:24:32;Gloves violet Account;pink;microchip index actuating;Computer invoice digital;Administrator Berkshire Vision-oriented;next-generation;Gloves
4;Villages world-class;2022-03-09T16:54:43;2022-03-09T12:50:38;Liberia Metrics;Computer digital matrix;Metal matrix back-end;Cross-group compelling;Cote;supply-chains;South
5;teal e-services;2022-03-09T16:39:55;2022-03-09T11:01:58;District local Springs;program salmon Bedfordshire;Ball PCI Arabia;strategy black;conglomeration;system Handmade;Refined Borders scalable
6;Swiss;2022-03-10T05:36:52;2022-03-09T08:58:29;eyeballs hardware;Digitized Home;Frozen GB invoice;CSS Computer;Investor invoice;B2C withdrawal Ball;York Designer
7;brand;2022-03-10T03:02:35;2022-03-10T00:57:53;Analyst Strategist;seize payment;systems;Savings;applications;Market;innovative coherent connecting
8;Associate;2022-03-09T19:34:58;2022-03-09T12:21:57;Buckinghamshire mint;Paradigm Franc;Iranian 4th human-resource;Ball Director;copying bus;vortals grow vortals;JBOD Frozen Tennessee
9;Licensed;2022-03-10T08:27:10;2022-03-10T03:12:26;Persistent;optical ADP;Mountains Customer;Toys program Cotton;Account cross-platform;Soft product;payment
10;Awesome Ports;2022-03-09T23:26:21;2022-03-09T13:32:12;Movies magenta;Generic deploy SQL;Concrete architectures generate;Tools;Myanmar;world-class system parsing;Optimization Account
