id;first_name;last_name;designation;business_title;login;password_hash;email;image_url;activated;lang_key;activation_key;reset_key;reset_date;mobile_no;one_time_password;otp_expiry_time;last_modified;last_modified_by
1;Dejon;Crona;Electronics array Ethiopia;Towels Ethiopian;Architect Marketing;Credit Spur orchid;Dion.Zemlak99@yahoo.com;haptic SMS Vista;true;Sleek silver navigate;array array Beauty;Malaysian;2022-03-10T07:44:08;e-tailers Integration;Cliff;2022-03-09T20:32:45;calculate;virtual executive
2;Alexanne;Watsica;Agent Freeway Liaison;Isle;Unbranded;Hong feed ivory;Woodrow98@hotmail.com;Berkshire;true;Fresh Dynamic;utilisation Gloves;composite;2022-03-09T10:41:45;end-to-end connect;Right-sized Saudi Cambridgeshire;2022-03-10T07:43:24;Pizza discrete sky;Incredible
3;Deborah;Effertz;Compatible array;Investor calculating;Ecuador Missouri withdrawal;Facilitator bandwidth eyeballs;Jensen.Cormier97@yahoo.com;Sausages Lead;true;Cheese Buckinghamshire protocol;Architect;navigating intangible user;2022-03-09T11:20:55;convergence;card;2022-03-09T21:47:51;Metal Planner Tools;District Concrete
4;Jadon;Steuber;bandwidth-monitored Guernsey;syndicate synergies;Account;online;Lonzo.Bashirian@hotmail.com;deploy TCP convergence;true;Applications plum;Up-sized Money turquoise;Minnesota Avon networks;2022-03-09T15:35:36;back-end Buckinghamshire;Taiwan;2022-03-10T06:58:51;Bahraini revolutionary;Division bypass
5;Ellen;Tromp;mobile port;Chief;Marketing;orange feed composite;Alexis54@hotmail.com;Zambia Customer Marketing;true;Borders;Gorgeous auxiliary;Plastic;2022-03-10T06:12:48;Sleek Handmade Account;Cambridgeshire quantifying;2022-03-09T15:37:02;Frozen Berkshire encryption;application Administrator
6;Henry;Robel;Configuration Savings;Dollar;Factors Rubber Borders;Toys cyan Harbors;Joshuah.Glover99@hotmail.com;Organic Missouri;false;e-commerce Product;Planner;technologies payment Idaho;2022-03-09T15:06:41;withdrawal orchid;Pants;2022-03-09T15:45:56;generation transmitting bricks-and-clicks;Wooden
7;Cristobal;Maggio;alarm Concrete Dynamic;engine;monitoring input Refined;New strategic streamline;Judson_Kiehn@hotmail.com;Computers encompassing connect;true;Account;Tools relationships;alarm Avon;2022-03-09T14:41:54;analyzing Distributed;Auto up Ruble;2022-03-10T06:35:58;Paradigm programming;Cambridgeshire Officer Handmade
8;Addison;Feest;Dollar invoice Stravenue;red virtual paradigms;fuchsia ADP;action-items dynamic Auto;Dalton.Herman@hotmail.com;Trinidad protocol Wooden;false;strategic Investment vortals;Division Home;RSS USB Account;2022-03-09T22:38:02;infrastructures Bedfordshire reserved;Fundamental bi-directional;2022-03-09T11:41:16;Consultant aggregate;fuchsia
9;Della;Jakubowski;value-added;parse scalable;networks;copying;Haylie21@hotmail.com;Account withdrawal Salad;true;Gloves deposit;Loan Kids THX;invoice;2022-03-10T05:20:08;Automotive Branding;Oklahoma website niches;2022-03-10T05:32:54;Forest deposit interfaces;SAS Metal
10;Rossie;Keebler;Agent frictionless connecting;Internal;Franc Product;copying;Juliana12@gmail.com;District COM;true;didactic;Oregon;Fall;2022-03-10T07:55:30;Hat face primary;SMS Universal;2022-03-10T07:49:50;Jersey Cotton Road;concept solution
