id;tranfer_date;comment;status;source_ware_house;destination_ware_house;free_field_1;last_modified;last_modified_by
1;2022-03-10T05:23:28;models;REQUESTED;Mouse matrix robust;Dynamic;Ball Granite;Account functionalities Movies;Buckinghamshire Beauty
2;2022-03-10T05:21:04;Avon;COMPLETED;open-source Baby target;Division Diverse CFA;invoice Regional Re-engineered;auxiliary;Springs
3;2022-03-09T22:42:50;Cotton;CANCELED;Supervisor Borders installation;cyan synthesizing;Soft Soft;Intelligent Rustic;hacking application
4;2022-03-09T19:14:07;implementation;CANCELED;Avon;cross-platform Marketing Markets;Salvador deposit;Maryland supply-chains;mobile
5;2022-03-09T08:52:10;Tunisia Kids Refined;CANCELED;projection static magenta;Port Home Officer;open-source;reinvent quantifying;task-force Administrator
6;2022-03-09T16:58:16;Refined;COMPLETED;Forks;Universal analyzing;deposit Books;payment approach;Bahamian Turkey
7;2022-03-09T14:30:12;6th parsing;APPROVED;Maine intermediate;withdrawal Frozen;Designer Computers;Interactions;workforce Profound Rustic
8;2022-03-09T17:37:46;Small calculating Bedfordshire;APPROVED;FTP;Clothing transmitting;ivory magenta;portals user Arkansas;green Developer RSS
9;2022-03-09T18:39:56;out-of-the-box killer;APPROVED;SDD target;Cote;Wooden quantifying Cheese;Krona;Gorgeous Helena panel
10;2022-03-09T21:52:26;Concrete deliverables deposit;COMPLETED;Dirham;Data Gloves Senior;orange FTP;Exclusive Liaison Music;Human
